{
  "trained_at": "2026-05-03T19:03:56+00:00",
  "samples": 344,
  "n_train": 275,
  "n_test": 69,
  "features_count": 11,
  "feature_names": [
    "kd_k",
    "kd_d",
    "macd_dif",
    "macd_osc",
    "ma_alignment",
    "bb_position",
    "vol_ratio",
    "bias_pct",
    "atr_normalized",
    "inst_5d",
    "inst_10d"
  ],
  "min_history_days": 45,
  "metrics": {
    "base_win_rate": 0.39825581395348836,
    "accuracy": 0.6666666666666666,
    "precision": 0.5714285714285714,
    "recall": 0.5925925925925926,
    "f1": 0.5818181818181818
  },
  "model_type": "RandomForestClassifier",
  "version": "v2"
}